series_desc,series_id,base_weight,year
All items,CUUR0000SA0,100,1998
All items,CUUR0000SA0,100,1999
All items,CUUR0000SA0,100,2000
All items,CUUR0000SA0,100,2001
All items,CUUR0000SA0,100,2002
All items,CUUR0000SA0,100,2003
All items,CUUR0000SA0,100,2004
All items,CUUR0000SA0,100,2005
All items,CUUR0000SA0,100,2006
All items,CUUR0000SA0,100,2007
All items,CUUR0000SA0,100,2008
All items,CUUR0000SA0,100,2009
All items,CUUR0000SA0,100,2010
All items,CUUR0000SA0,100,2011
All items,CUUR0000SA0,100,2012
All items,CUUR0000SA0,100,2013
All items,CUUR0000SA0,100,2014
All items,CUUR0000SA0,100,2015
All items,CUUR0000SA0,100,2016
All items,CUUR0000SA0,100,2017
All items,CUUR0000SA0,100,2018
All items,CUUR0000SA0,100,2019
All items,CUUR0000SA0,100,2020
All items,CUUR0000SA0,100,2021
All items,CUUR0000SA0,100,2022
All items,CUUR0000SA0,100,2023
Apparel,CUUR0000SAA,4.831,1998
Apparel,CUUR0000SAA,4.684,1999
Apparel,CUUR0000SAA,4.453,2000
Apparel,CUUR0000SAA,4.399,2001
Apparel,CUUR0000SAA,4.22,2002
Apparel,CUUR0000SAA,3.975,2003
Apparel,CUUR0000SAA,3.841,2004
Apparel,CUUR0000SAA,3.786,2005
Apparel,CUUR0000SAA,3.726,2006
Apparel,CUUR0000SAA,3.731,2007
Apparel,CUUR0000SAA,3.691,2008
Apparel,CUUR0000SAA,3.695,2009
Apparel,CUUR0000SAA,3.601,2010
Apparel,CUUR0000SAA,3.562,2011
Apparel,CUUR0000SAA,3.564,2012
Apparel,CUUR0000SAA,3.437,2013
Apparel,CUUR0000SAA,3.343,2014
Apparel,CUUR0000SAA,3.101,2015
Apparel,CUUR0000SAA,3.034,2016
Apparel,CUUR0000SAA,3.018,2017
Apparel,CUUR0000SAA,2.959,2018
Apparel,CUUR0000SAA,2.81,2019
Apparel,CUUR0000SAA,2.663,2020
Apparel,CUUR0000SAA,2.458,2021
Apparel,CUUR0000SAA,2.479,2022
Apparel,CUUR0000SAA,2.512,2023
Men's and boys' apparel,CUUR0000SAA1,1.358,1998
Men's and boys' apparel,CUUR0000SAA1,1.335,1999
Men's and boys' apparel,CUUR0000SAA1,1.257,2000
Men's and boys' apparel,CUUR0000SAA1,1.122,2001
Men's and boys' apparel,CUUR0000SAA1,1.065,2002
Men's and boys' apparel,CUUR0000SAA1,1.024,2003
Men's and boys' apparel,CUUR0000SAA1,0.977,2004
Men's and boys' apparel,CUUR0000SAA1,0.915,2005
Men's and boys' apparel,CUUR0000SAA1,0.885,2006
Men's and boys' apparel,CUUR0000SAA1,0.935,2007
Men's and boys' apparel,CUUR0000SAA1,0.923,2008
Men's and boys' apparel,CUUR0000SAA1,0.903,2009
Men's and boys' apparel,CUUR0000SAA1,0.882,2010
Men's and boys' apparel,CUUR0000SAA1,0.855,2011
Men's and boys' apparel,CUUR0000SAA1,0.858,2012
Men's and boys' apparel,CUUR0000SAA1,0.866,2013
Men's and boys' apparel,CUUR0000SAA1,0.834,2014
Men's and boys' apparel,CUUR0000SAA1,0.789,2015
Men's and boys' apparel,CUUR0000SAA1,0.75,2016
Men's and boys' apparel,CUUR0000SAA1,0.737,2017
Men's and boys' apparel,CUUR0000SAA1,0.735,2018
Men's and boys' apparel,CUUR0000SAA1,0.697,2019
Men's and boys' apparel,CUUR0000SAA1,0.666,2020
Men's and boys' apparel,CUUR0000SAA1,0.625,2021
Men's and boys' apparel,CUUR0000SAA1,0.645,2022
Men's and boys' apparel,CUUR0000SAA1,0.636,2023
Women's and girls' apparel,CUUR0000SAA2,1.939,1998
Women's and girls' apparel,CUUR0000SAA2,1.879,1999
Women's and girls' apparel,CUUR0000SAA2,1.787,2000
Women's and girls' apparel,CUUR0000SAA2,1.807,2001
Women's and girls' apparel,CUUR0000SAA2,1.738,2002
Women's and girls' apparel,CUUR0000SAA2,1.704,2003
Women's and girls' apparel,CUUR0000SAA2,1.638,2004
Women's and girls' apparel,CUUR0000SAA2,1.612,2005
Women's and girls' apparel,CUUR0000SAA2,1.59,2006
Women's and girls' apparel,CUUR0000SAA2,1.6,2007
Women's and girls' apparel,CUUR0000SAA2,1.541,2008
Women's and girls' apparel,CUUR0000SAA2,1.58,2009
Women's and girls' apparel,CUUR0000SAA2,1.52,2010
Women's and girls' apparel,CUUR0000SAA2,1.507,2011
Women's and girls' apparel,CUUR0000SAA2,1.495,2012
Women's and girls' apparel,CUUR0000SAA2,1.504,2013
Women's and girls' apparel,CUUR0000SAA2,1.439,2014
Women's and girls' apparel,CUUR0000SAA2,1.25,2015
Women's and girls' apparel,CUUR0000SAA2,1.228,2016
Women's and girls' apparel,CUUR0000SAA2,1.229,2017
Women's and girls' apparel,CUUR0000SAA2,1.19,2018
Women's and girls' apparel,CUUR0000SAA2,1.158,2019
Women's and girls' apparel,CUUR0000SAA2,1.075,2020
Women's and girls' apparel,CUUR0000SAA2,0.952,2021
Women's and girls' apparel,CUUR0000SAA2,1.008,2022
Women's and girls' apparel,CUUR0000SAA2,1.009,2023
Education and communication,CUUR0000SAE,5.478,1998
Education and communication,CUUR0000SAE,5.419,1999
Education and communication,CUUR0000SAE,5.311,2000
Education and communication,CUUR0000SAE,5.813,2001
Education and communication,CUUR0000SAE,5.798,2002
Education and communication,CUUR0000SAE,5.948,2003
Education and communication,CUUR0000SAE,5.846,2004
Education and communication,CUUR0000SAE,6.047,2005
Education and communication,CUUR0000SAE,6.034,2006
Education and communication,CUUR0000SAE,6.086,2007
Education and communication,CUUR0000SAE,6.301,2008
Education and communication,CUUR0000SAE,6.434,2009
Education and communication,CUUR0000SAE,6.421,2010
Education and communication,CUUR0000SAE,6.797,2011
Education and communication,CUUR0000SAE,6.779,2012
Education and communication,CUUR0000SAE,7.087,2013
Education and communication,CUUR0000SAE,7.062,2014
Education and communication,CUUR0000SAE,7.145,2015
Education and communication,CUUR0000SAE,6.984,2016
Education and communication,CUUR0000SAE,6.707,2017
Education and communication,CUUR0000SAE,6.596,2018
Education and communication,CUUR0000SAE,6.77,2019
Education and communication,CUUR0000SAE,6.81,2020
Education and communication,CUUR0000SAE,6.406,2021
Education and communication,CUUR0000SAE,5.845,2022
Education and communication,CUUR0000SAE,5.906,2023
Education,CUUR0000SAE1,2.694,1998
Education,CUUR0000SAE1,2.741,1999
Education,CUUR0000SAE1,2.801,2000
Education,CUUR0000SAE1,2.726,2001
Education,CUUR0000SAE1,2.835,2002
Education,CUUR0000SAE1,2.841,2003
Education,CUUR0000SAE1,2.931,2004
Education,CUUR0000SAE1,2.967,2005
Education,CUUR0000SAE1,3.076,2006
Education,CUUR0000SAE1,2.944,2007
Education,CUUR0000SAE1,3.107,2008
Education,CUUR0000SAE1,3.035,2009
Education,CUUR0000SAE1,3.107,2010
Education,CUUR0000SAE1,3.216,2011
Education,CUUR0000SAE1,3.281,2012
Education,CUUR0000SAE1,3.244,2013
Education,CUUR0000SAE1,3.325,2014
Education,CUUR0000SAE1,3.189,2015
Education,CUUR0000SAE1,3.209,2016
Education,CUUR0000SAE1,3.034,2017
Education,CUUR0000SAE1,3.055,2018
Education,CUUR0000SAE1,3.032,2019
Education,CUUR0000SAE1,3.033,2020
Education,CUUR0000SAE1,2.677,2021
Education,CUUR0000SAE1,2.274,2022
Education,CUUR0000SAE1,2.489,2023
Communication,CUUR0000SAE2,2.783,1998
Communication,CUUR0000SAE2,2.679,1999
Communication,CUUR0000SAE2,2.51,2000
Communication,CUUR0000SAE2,3.087,2001
Communication,CUUR0000SAE2,2.963,2002
Communication,CUUR0000SAE2,3.107,2003
Communication,CUUR0000SAE2,2.914,2004
Communication,CUUR0000SAE2,3.08,2005
Communication,CUUR0000SAE2,2.958,2006
Communication,CUUR0000SAE2,3.142,2007
Communication,CUUR0000SAE2,3.194,2008
Communication,CUUR0000SAE2,3.399,2009
Communication,CUUR0000SAE2,3.313,2010
Communication,CUUR0000SAE2,3.581,2011
Communication,CUUR0000SAE2,3.499,2012
Communication,CUUR0000SAE2,3.843,2013
Communication,CUUR0000SAE2,3.737,2014
Communication,CUUR0000SAE2,3.956,2015
Communication,CUUR0000SAE2,3.775,2016
Communication,CUUR0000SAE2,3.674,2017
Communication,CUUR0000SAE2,3.542,2018
Communication,CUUR0000SAE2,3.738,2019
Communication,CUUR0000SAE2,3.777,2020
Communication,CUUR0000SAE2,3.728,2021
Communication,CUUR0000SAE2,3.571,2022
Communication,CUUR0000SAE2,3.417,2023
Food and beverages,CUUR0000SAF,16.408,1998
Food and beverages,CUUR0000SAF,16.302,1999
Food and beverages,CUUR0000SAF,16.198,2000
Food and beverages,CUUR0000SAF,15.719,2001
Food and beverages,CUUR0000SAF,15.583,2002
Food and beverages,CUUR0000SAF,15.384,2003
Food and beverages,CUUR0000SAF,15.291,2004
Food and beverages,CUUR0000SAF,15.051,2005
Food and beverages,CUUR0000SAF,14.992,2006
Food and beverages,CUUR0000SAF,14.914,2007
Food and beverages,CUUR0000SAF,15.757,2008
Food and beverages,CUUR0000SAF,14.795,2009
Food and beverages,CUUR0000SAF,14.792,2010
Food and beverages,CUUR0000SAF,15.256,2011
Food and beverages,CUUR0000SAF,15.261,2012
Food and beverages,CUUR0000SAF,14.901,2013
Food and beverages,CUUR0000SAF,15.272,2014
Food and beverages,CUUR0000SAF,14.973,2015
Food and beverages,CUUR0000SAF,14.649,2016
Food and beverages,CUUR0000SAF,14.359,2017
Food and beverages,CUUR0000SAF,14.314,2018
Food and beverages,CUUR0000SAF,14.794,2019
Food and beverages,CUUR0000SAF,15.157,2020
Food and beverages,CUUR0000SAF,14.259,2021
Food and beverages,CUUR0000SAF,14.376,2022
Food and beverages,CUUR0000SAF,14.409,2023
Food at home,CUUR0000SAF11,9.691,1998
Food at home,CUUR0000SAF11,9.603,1999
Food at home,CUUR0000SAF11,9.56,2000
Food at home,CUUR0000SAF11,8.468,2001
Food at home,CUUR0000SAF11,8.338,2002
Food at home,CUUR0000SAF11,8.256,2003
Food at home,CUUR0000SAF11,8.183,2004
Food at home,CUUR0000SAF11,7.988,2005
Food at home,CUUR0000SAF11,7.896,2006
Food at home,CUUR0000SAF11,7.66,2007
Food at home,CUUR0000SAF11,8.156,2008
Food at home,CUUR0000SAF11,7.801,2009
Food at home,CUUR0000SAF11,7.816,2010
Food at home,CUUR0000SAF11,8.638,2011
Food at home,CUUR0000SAF11,8.598,2012
Food at home,CUUR0000SAF11,8.187,2013
Food at home,CUUR0000SAF11,8.427,2014
Food at home,CUUR0000SAF11,8.23,2015
Food at home,CUUR0000SAF11,7.899,2016
Food at home,CUUR0000SAF11,7.382,2017
Food at home,CUUR0000SAF11,7.286,2018
Food at home,CUUR0000SAF11,7.579,2019
Food at home,CUUR0000SAF11,7.772,2020
Food at home,CUUR0000SAF11,8.165,2021
Food at home,CUUR0000SAF11,8.728,2022
Food at home,CUUR0000SAF11,8.167,2023
Cereals and bakery products,CUUR0000SAF111,1.544,1998
Cereals and bakery products,CUUR0000SAF111,1.534,1999
Cereals and bakery products,CUUR0000SAF111,1.522,2000
Cereals and bakery products,CUUR0000SAF111,1.298,2001
Cereals and bakery products,CUUR0000SAF111,1.281,2002
Cereals and bakery products,CUUR0000SAF111,1.202,2003
Cereals and bakery products,CUUR0000SAF111,1.185,2004
Cereals and bakery products,CUUR0000SAF111,1.098,2005
Cereals and bakery products,CUUR0000SAF111,1.103,2006
Cereals and bakery products,CUUR0000SAF111,1.03,2007
Cereals and bakery products,CUUR0000SAF111,1.15,2008
Cereals and bakery products,CUUR0000SAF111,1.108,2009
Cereals and bakery products,CUUR0000SAF111,1.09,2010
Cereals and bakery products,CUUR0000SAF111,1.242,2011
Cereals and bakery products,CUUR0000SAF111,1.231,2012
Cereals and bakery products,CUUR0000SAF111,1.141,2013
Cereals and bakery products,CUUR0000SAF111,1.138,2014
Cereals and bakery products,CUUR0000SAF111,1.098,2015
Cereals and bakery products,CUUR0000SAF111,1.068,2016
Cereals and bakery products,CUUR0000SAF111,0.964,2017
Cereals and bakery products,CUUR0000SAF111,0.962,2018
Cereals and bakery products,CUUR0000SAF111,0.984,2019
Cereals and bakery products,CUUR0000SAF111,1.001,2020
Cereals and bakery products,CUUR0000SAF111,1.03,2021
Cereals and bakery products,CUUR0000SAF111,1.164,2022
Cereals and bakery products,CUUR0000SAF111,1.066,2023
"Meats, poultry, fish, and eggs",CUUR0000SAF112,2.569,1998
"Meats, poultry, fish, and eggs",CUUR0000SAF112,2.543,1999
"Meats, poultry, fish, and eggs",CUUR0000SAF112,2.573,2000
"Meats, poultry, fish, and eggs",CUUR0000SAF112,2.271,2001
"Meats, poultry, fish, and eggs",CUUR0000SAF112,2.222,2002
"Meats, poultry, fish, and eggs",CUUR0000SAF112,2.32,2003
"Meats, poultry, fish, and eggs",CUUR0000SAF112,2.272,2004
"Meats, poultry, fish, and eggs",CUUR0000SAF112,2.133,2005
"Meats, poultry, fish, and eggs",CUUR0000SAF112,2.112,2006
"Meats, poultry, fish, and eggs",CUUR0000SAF112,1.807,2007
"Meats, poultry, fish, and eggs",CUUR0000SAF112,1.898,2008
"Meats, poultry, fish, and eggs",CUUR0000SAF112,1.745,2009
"Meats, poultry, fish, and eggs",CUUR0000SAF112,1.813,2010
"Meats, poultry, fish, and eggs",CUUR0000SAF112,1.96,2011
"Meats, poultry, fish, and eggs",CUUR0000SAF112,1.955,2012
"Meats, poultry, fish, and eggs",CUUR0000SAF112,1.859,2013
"Meats, poultry, fish, and eggs",CUUR0000SAF112,2.014,2014
"Meats, poultry, fish, and eggs",CUUR0000SAF112,1.876,2015
"Meats, poultry, fish, and eggs",CUUR0000SAF112,1.74,2016
"Meats, poultry, fish, and eggs",CUUR0000SAF112,1.635,2017
"Meats, poultry, fish, and eggs",CUUR0000SAF112,1.597,2018
"Meats, poultry, fish, and eggs",CUUR0000SAF112,1.682,2019
"Meats, poultry, fish, and eggs",CUUR0000SAF112,1.736,2020
"Meats, poultry, fish, and eggs",CUUR0000SAF112,1.888,2021
"Meats, poultry, fish, and eggs",CUUR0000SAF112,1.847,2022
"Meats, poultry, fish, and eggs",CUUR0000SAF112,1.722,2023
Fruits and vegetables,CUUR0000SAF113,1.44,1998
Fruits and vegetables,CUUR0000SAF113,1.429,1999
Fruits and vegetables,CUUR0000SAF113,1.454,2000
Fruits and vegetables,CUUR0000SAF113,1.204,2001
Fruits and vegetables,CUUR0000SAF113,1.234,2002
Fruits and vegetables,CUUR0000SAF113,1.221,2003
Fruits and vegetables,CUUR0000SAF113,1.276,2004
Fruits and vegetables,CUUR0000SAF113,1.219,2005
Fruits and vegetables,CUUR0000SAF113,1.211,2006
Fruits and vegetables,CUUR0000SAF113,1.156,2007
Fruits and vegetables,CUUR0000SAF113,1.194,2008
Fruits and vegetables,CUUR0000SAF113,1.153,2009
Fruits and vegetables,CUUR0000SAF113,1.152,2010
Fruits and vegetables,CUUR0000SAF113,1.287,2011
Fruits and vegetables,CUUR0000SAF113,1.287,2012
Fruits and vegetables,CUUR0000SAF113,1.346,2013
Fruits and vegetables,CUUR0000SAF113,1.379,2014
Fruits and vegetables,CUUR0000SAF113,1.399,2015
Fruits and vegetables,CUUR0000SAF113,1.338,2016
Fruits and vegetables,CUUR0000SAF113,1.302,2017
Fruits and vegetables,CUUR0000SAF113,1.298,2018
Fruits and vegetables,CUUR0000SAF113,1.317,2019
Fruits and vegetables,CUUR0000SAF113,1.341,2020
Fruits and vegetables,CUUR0000SAF113,1.408,2021
Fruits and vegetables,CUUR0000SAF113,1.512,2022
Fruits and vegetables,CUUR0000SAF113,1.41,2023
Nonalcoholic beverages and beverage materials,CUUR0000SAF114,1.049,1998
Nonalcoholic beverages and beverage materials,CUUR0000SAF114,1.045,1999
Nonalcoholic beverages and beverage materials,CUUR0000SAF114,1.026,2000
Nonalcoholic beverages and beverage materials,CUUR0000SAF114,0.967,2001
Nonalcoholic beverages and beverage materials,CUUR0000SAF114,0.954,2002
Nonalcoholic beverages and beverage materials,CUUR0000SAF114,0.905,2003
Nonalcoholic beverages and beverage materials,CUUR0000SAF114,0.884,2004
Nonalcoholic beverages and beverage materials,CUUR0000SAF114,0.91,2005
Nonalcoholic beverages and beverage materials,CUUR0000SAF114,0.906,2006
Nonalcoholic beverages and beverage materials,CUUR0000SAF114,0.928,2007
Nonalcoholic beverages and beverage materials,CUUR0000SAF114,0.982,2008
Nonalcoholic beverages and beverage materials,CUUR0000SAF114,0.952,2009
Nonalcoholic beverages and beverage materials,CUUR0000SAF114,0.926,2010
Nonalcoholic beverages and beverage materials,CUUR0000SAF114,0.961,2011
Nonalcoholic beverages and beverage materials,CUUR0000SAF114,0.943,2012
Nonalcoholic beverages and beverage materials,CUUR0000SAF114,0.955,2013
Nonalcoholic beverages and beverage materials,CUUR0000SAF114,0.955,2014
Nonalcoholic beverages and beverage materials,CUUR0000SAF114,0.977,2015
Nonalcoholic beverages and beverage materials,CUUR0000SAF114,0.949,2016
Nonalcoholic beverages and beverage materials,CUUR0000SAF114,0.873,2017
Nonalcoholic beverages and beverage materials,CUUR0000SAF114,0.868,2018
Nonalcoholic beverages and beverage materials,CUUR0000SAF114,0.903,2019
Nonalcoholic beverages and beverage materials,CUUR0000SAF114,0.93,2020
Nonalcoholic beverages and beverage materials,CUUR0000SAF114,0.933,2021
Nonalcoholic beverages and beverage materials,CUUR0000SAF114,1.039,2022
Nonalcoholic beverages and beverage materials,CUUR0000SAF114,1.027,2023
Other food at home,CUUR0000SAF115,2.002,1998
Other food at home,CUUR0000SAF115,1.962,1999
Other food at home,CUUR0000SAF115,1.935,2000
Other food at home,CUUR0000SAF115,1.811,2001
Other food at home,CUUR0000SAF115,1.771,2002
Other food at home,CUUR0000SAF115,1.765,2003
Other food at home,CUUR0000SAF115,1.716,2004
Other food at home,CUUR0000SAF115,1.777,2005
Other food at home,CUUR0000SAF115,1.743,2006
Other food at home,CUUR0000SAF115,1.852,2007
Other food at home,CUUR0000SAF115,2.022,2008
Other food at home,CUUR0000SAF115,2.023,2009
Other food at home,CUUR0000SAF115,1.996,2010
Other food at home,CUUR0000SAF115,2.272,2011
Other food at home,CUUR0000SAF115,2.278,2012
Other food at home,CUUR0000SAF115,2.027,2013
Other food at home,CUUR0000SAF115,2.043,2014
Other food at home,CUUR0000SAF115,2.033,2015
Other food at home,CUUR0000SAF115,1.986,2016
Other food at home,CUUR0000SAF115,1.864,2017
Other food at home,CUUR0000SAF115,1.832,2018
Other food at home,CUUR0000SAF115,1.925,2019
Other food at home,CUUR0000SAF115,1.972,2020
Other food at home,CUUR0000SAF115,2.153,2021
Other food at home,CUUR0000SAF115,2.347,2022
Other food at home,CUUR0000SAF115,2.193,2023
Alcoholic beverages,CUUR0000SAF116,0.986,1998
Alcoholic beverages,CUUR0000SAF116,0.987,1999
Alcoholic beverages,CUUR0000SAF116,0.981,2000
Alcoholic beverages,CUUR0000SAF116,1.031,2001
Alcoholic beverages,CUUR0000SAF116,1.029,2002
Alcoholic beverages,CUUR0000SAF116,1.001,2003
Alcoholic beverages,CUUR0000SAF116,0.996,2004
Alcoholic beverages,CUUR0000SAF116,1.109,2005
Alcoholic beverages,CUUR0000SAF116,1.107,2006
Alcoholic beverages,CUUR0000SAF116,1.08,2007
Alcoholic beverages,CUUR0000SAF116,1.127,2008
Alcoholic beverages,CUUR0000SAF116,1.056,2009
Alcoholic beverages,CUUR0000SAF116,1.051,2010
Alcoholic beverages,CUUR0000SAF116,0.948,2011
Alcoholic beverages,CUUR0000SAF116,0.949,2012
Alcoholic beverages,CUUR0000SAF116,1.01,2013
Alcoholic beverages,CUUR0000SAF116,1.015,2014
Alcoholic beverages,CUUR0000SAF116,0.958,2015
Alcoholic beverages,CUUR0000SAF116,0.952,2016
Alcoholic beverages,CUUR0000SAF116,0.974,2017
Alcoholic beverages,CUUR0000SAF116,0.973,2018
Alcoholic beverages,CUUR0000SAF116,1.023,2019
Alcoholic beverages,CUUR0000SAF116,1.038,2020
Alcoholic beverages,CUUR0000SAF116,0.889,2021
Alcoholic beverages,CUUR0000SAF116,0.845,2022
Alcoholic beverages,CUUR0000SAF116,0.854,2023
Other goods and services,CUUR0000SAG,4.624,1998
Other goods and services,CUUR0000SAG,4.733,1999
Other goods and services,CUUR0000SAG,4.769,2000
Other goods and services,CUUR0000SAG,4.312,2001
Other goods and services,CUUR0000SAG,4.35,2002
Other goods and services,CUUR0000SAG,3.776,2003
Other goods and services,CUUR0000SAG,3.75,2004
Other goods and services,CUUR0000SAG,3.463,2005
Other goods and services,CUUR0000SAG,3.476,2006
Other goods and services,CUUR0000SAG,3.277,2007
Other goods and services,CUUR0000SAG,3.386,2008
Other goods and services,CUUR0000SAG,3.483,2009
Other goods and services,CUUR0000SAG,3.497,2010
Other goods and services,CUUR0000SAG,3.385,2011
Other goods and services,CUUR0000SAG,3.376,2012
Other goods and services,CUUR0000SAG,3.365,2013
Other goods and services,CUUR0000SAG,3.394,2014
Other goods and services,CUUR0000SAG,3.177,2015
Other goods and services,CUUR0000SAG,3.178,2016
Other goods and services,CUUR0000SAG,3.198,2017
Other goods and services,CUUR0000SAG,3.204,2018
Other goods and services,CUUR0000SAG,3.127,2019
Other goods and services,CUUR0000SAG,3.159,2020
Other goods and services,CUUR0000SAG,2.737,2021
Other goods and services,CUUR0000SAG,2.677,2022
Other goods and services,CUUR0000SAG,2.899,2023
Personal care,CUUR0000SAG1,3.465,1998
Personal care,CUUR0000SAG1,3.475,1999
Personal care,CUUR0000SAG1,3.461,2000
Personal care,CUUR0000SAG1,3.384,2001
Personal care,CUUR0000SAG1,3.358,2002
Personal care,CUUR0000SAG1,2.97,2003
Personal care,CUUR0000SAG1,2.946,2004
Personal care,CUUR0000SAG1,2.752,2005
Personal care,CUUR0000SAG1,2.764,2006
Personal care,CUUR0000SAG1,2.546,2007
Personal care,CUUR0000SAG1,2.61,2008
Personal care,CUUR0000SAG1,2.612,2009
Personal care,CUUR0000SAG1,2.591,2010
Personal care,CUUR0000SAG1,2.581,2011
Personal care,CUUR0000SAG1,2.571,2012
Personal care,CUUR0000SAG1,2.662,2013
Personal care,CUUR0000SAG1,2.676,2014
Personal care,CUUR0000SAG1,2.522,2015
Personal care,CUUR0000SAG1,2.513,2016
Personal care,CUUR0000SAG1,2.547,2017
Personal care,CUUR0000SAG1,2.544,2018
Personal care,CUUR0000SAG1,2.54,2019
Personal care,CUUR0000SAG1,2.551,2020
Personal care,CUUR0000SAG1,2.211,2021
Personal care,CUUR0000SAG1,2.183,2022
Personal care,CUUR0000SAG1,2.357,2023
Housing,CUUR0000SAH,39.828,1998
Housing,CUUR0000SAH,39.636,1999
Housing,CUUR0000SAH,39.98,2000
Housing,CUUR0000SAH,40.873,2001
Housing,CUUR0000SAH,40.854,2002
Housing,CUUR0000SAH,42.089,2003
Housing,CUUR0000SAH,41.993,2004
Housing,CUUR0000SAH,42.38,2005
Housing,CUUR0000SAH,42.691,2006
Housing,CUUR0000SAH,42.427,2007
Housing,CUUR0000SAH,43.421,2008
Housing,CUUR0000SAH,41.96,2009
Housing,CUUR0000SAH,41.46,2010
Housing,CUUR0000SAH,41.02,2011
Housing,CUUR0000SAH,41.021,2012
Housing,CUUR0000SAH,41.448,2013
Housing,CUUR0000SAH,42.173,2014
Housing,CUUR0000SAH,42.235,2015
Housing,CUUR0000SAH,42.634,2016
Housing,CUUR0000SAH,41.772,2017
Housing,CUUR0000SAH,42.202,2018
Housing,CUUR0000SAH,42.107,2019
Housing,CUUR0000SAH,42.385,2020
Housing,CUUR0000SAH,42.363,2021
Housing,CUUR0000SAH,44.384,2022
Housing,CUUR0000SAH,45.065,2023
Shelter,CUUR0000SAH1,30.283,1998
Shelter,CUUR0000SAH1,30.235,1999
Shelter,CUUR0000SAH1,30.251,2000
Shelter,CUUR0000SAH1,31.522,2001
Shelter,CUUR0000SAH1,31.728,2002
Shelter,CUUR0000SAH1,32.878,2003
Shelter,CUUR0000SAH1,32.686,2004
Shelter,CUUR0000SAH1,32.26,2005
Shelter,CUUR0000SAH1,32.776,2006
Shelter,CUUR0000SAH1,32.596,2007
Shelter,CUUR0000SAH1,33.2,2008
Shelter,CUUR0000SAH1,32.289,2009
Shelter,CUUR0000SAH1,31.955,2010
Shelter,CUUR0000SAH1,31.539,2011
Shelter,CUUR0000SAH1,31.681,2012
Shelter,CUUR0000SAH1,32.029,2013
Shelter,CUUR0000SAH1,32.711,2014
Shelter,CUUR0000SAH1,33.15,2015
Shelter,CUUR0000SAH1,33.652,2016
Shelter,CUUR0000SAH1,32.843,2017
Shelter,CUUR0000SAH1,33.259,2018
Shelter,CUUR0000SAH1,33.158,2019
Shelter,CUUR0000SAH1,33.316,2020
Shelter,CUUR0000SAH1,32.946,2021
Shelter,CUUR0000SAH1,34.413,2022
Shelter,CUUR0000SAH1,36.191,2023
Fuels and utilities,CUUR0000SAH2,4.735,1998
Fuels and utilities,CUUR0000SAH2,4.722,1999
Fuels and utilities,CUUR0000SAH2,5.123,2000
Fuels and utilities,CUUR0000SAH2,4.511,2001
Fuels and utilities,CUUR0000SAH2,4.469,2002
Fuels and utilities,CUUR0000SAH2,4.741,2003
Fuels and utilities,CUUR0000SAH2,4.951,2004
Fuels and utilities,CUUR0000SAH2,5.371,2005
Fuels and utilities,CUUR0000SAH2,5.264,2006
Fuels and utilities,CUUR0000SAH2,5.128,2007
Fuels and utilities,CUUR0000SAH2,5.431,2008
Fuels and utilities,CUUR0000SAH2,5.081,2009
Fuels and utilities,CUUR0000SAH2,5.096,2010
Fuels and utilities,CUUR0000SAH2,5.372,2011
Fuels and utilities,CUUR0000SAH2,5.3,2012
Fuels and utilities,CUUR0000SAH2,5.158,2013
Fuels and utilities,CUUR0000SAH2,5.273,2014
Fuels and utilities,CUUR0000SAH2,4.925,2015
Fuels and utilities,CUUR0000SAH2,4.954,2016
Fuels and utilities,CUUR0000SAH2,4.679,2017
Fuels and utilities,CUUR0000SAH2,4.686,2018
Fuels and utilities,CUUR0000SAH2,4.349,2019
Fuels and utilities,CUUR0000SAH2,4.387,2020
Fuels and utilities,CUUR0000SAH2,4.637,2021
Fuels and utilities,CUUR0000SAH2,4.702,2022
Fuels and utilities,CUUR0000SAH2,4.369,2023
Household furnishings and operations,CUUR0000SAH3,4.81,1998
Household furnishings and operations,CUUR0000SAH3,4.68,1999
Household furnishings and operations,CUUR0000SAH3,4.605,2000
Household furnishings and operations,CUUR0000SAH3,4.84,2001
Household furnishings and operations,CUUR0000SAH3,4.658,2002
Household furnishings and operations,CUUR0000SAH3,4.47,2003
Household furnishings and operations,CUUR0000SAH3,4.355,2004
Household furnishings and operations,CUUR0000SAH3,4.749,2005
Household furnishings and operations,CUUR0000SAH3,4.651,2006
Household furnishings and operations,CUUR0000SAH3,4.702,2007
Household furnishings and operations,CUUR0000SAH3,4.79,2008
Household furnishings and operations,CUUR0000SAH3,4.59,2009
Household furnishings and operations,CUUR0000SAH3,4.409,2010
Household furnishings and operations,CUUR0000SAH3,4.109,2011
Household furnishings and operations,CUUR0000SAH3,4.04,2012
Household furnishings and operations,CUUR0000SAH3,4.262,2013
Household furnishings and operations,CUUR0000SAH3,4.189,2014
Household furnishings and operations,CUUR0000SAH3,4.16,2015
Household furnishings and operations,CUUR0000SAH3,4.029,2016
Household furnishings and operations,CUUR0000SAH3,4.25,2017
Household furnishings and operations,CUUR0000SAH3,4.257,2018
Household furnishings and operations,CUUR0000SAH3,4.6,2019
Household furnishings and operations,CUUR0000SAH3,4.682,2020
Household furnishings and operations,CUUR0000SAH3,4.78,2021
Household furnishings and operations,CUUR0000SAH3,5.269,2022
Household furnishings and operations,CUUR0000SAH3,4.506,2023
Medical care,CUUR0000SAM,5.713,1998
Medical care,CUUR0000SAM,5.768,1999
Medical care,CUUR0000SAM,5.813,2000
Medical care,CUUR0000SAM,5.81,2001
Medical care,CUUR0000SAM,5.961,2002
Medical care,CUUR0000SAM,6.074,2003
Medical care,CUUR0000SAM,6.132,2004
Medical care,CUUR0000SAM,6.22,2005
Medical care,CUUR0000SAM,6.281,2006
Medical care,CUUR0000SAM,6.231,2007
Medical care,CUUR0000SAM,6.39,2008
Medical care,CUUR0000SAM,6.513,2009
Medical care,CUUR0000SAM,6.627,2010
Medical care,CUUR0000SAM,7.061,2011
Medical care,CUUR0000SAM,7.163,2012
Medical care,CUUR0000SAM,7.551,2013
Medical care,CUUR0000SAM,7.716,2014
Medical care,CUUR0000SAM,8.375,2015
Medical care,CUUR0000SAM,8.539,2016
Medical care,CUUR0000SAM,8.673,2017
Medical care,CUUR0000SAM,8.682,2018
Medical care,CUUR0000SAM,8.833,2019
Medical care,CUUR0000SAM,8.87,2020
Medical care,CUUR0000SAM,8.487,2021
Medical care,CUUR0000SAM,8.108,2022
Medical care,CUUR0000SAM,8.004,2023
Medical care commodities,CUUR0000SAM1,1.252,1998
Medical care commodities,CUUR0000SAM1,1.268,1999
Medical care commodities,CUUR0000SAM1,1.261,2000
Medical care commodities,CUUR0000SAM1,1.377,2001
Medical care commodities,CUUR0000SAM1,1.387,2002
Medical care commodities,CUUR0000SAM1,1.499,2003
Medical care commodities,CUUR0000SAM1,1.484,2004
Medical care commodities,CUUR0000SAM1,1.457,2005
Medical care commodities,CUUR0000SAM1,1.446,2006
Medical care commodities,CUUR0000SAM1,1.601,2007
Medical care commodities,CUUR0000SAM1,1.625,2008
Medical care commodities,CUUR0000SAM1,1.611,2009
Medical care commodities,CUUR0000SAM1,1.633,2010
Medical care commodities,CUUR0000SAM1,1.716,2011
Medical care commodities,CUUR0000SAM1,1.714,2012
Medical care commodities,CUUR0000SAM1,1.704,2013
Medical care commodities,CUUR0000SAM1,1.772,2014
Medical care commodities,CUUR0000SAM1,1.806,2015
Medical care commodities,CUUR0000SAM1,1.852,2016
Medical care commodities,CUUR0000SAM1,1.748,2017
Medical care commodities,CUUR0000SAM1,1.707,2018
Medical care commodities,CUUR0000SAM1,1.643,2019
Medical care commodities,CUUR0000SAM1,1.58,2020
Medical care commodities,CUUR0000SAM1,1.524,2021
Medical care commodities,CUUR0000SAM1,1.455,2022
Medical care commodities,CUUR0000SAM1,1.489,2023
Medical care services,CUUR0000SAM2,4.461,1998
Medical care services,CUUR0000SAM2,4.501,1999
Medical care services,CUUR0000SAM2,4.552,2000
Medical care services,CUUR0000SAM2,4.434,2001
Medical care services,CUUR0000SAM2,4.574,2002
Medical care services,CUUR0000SAM2,4.575,2003
Medical care services,CUUR0000SAM2,4.649,2004
Medical care services,CUUR0000SAM2,4.764,2005
Medical care services,CUUR0000SAM2,4.834,2006
Medical care services,CUUR0000SAM2,4.63,2007
Medical care services,CUUR0000SAM2,4.765,2008
Medical care services,CUUR0000SAM2,4.902,2009
Medical care services,CUUR0000SAM2,4.994,2010
Medical care services,CUUR0000SAM2,5.345,2011
Medical care services,CUUR0000SAM2,5.448,2012
Medical care services,CUUR0000SAM2,5.847,2013
Medical care services,CUUR0000SAM2,5.944,2014
Medical care services,CUUR0000SAM2,6.569,2015
Medical care services,CUUR0000SAM2,6.687,2016
Medical care services,CUUR0000SAM2,6.924,2017
Medical care services,CUUR0000SAM2,6.974,2018
Medical care services,CUUR0000SAM2,7.19,2019
Medical care services,CUUR0000SAM2,7.289,2020
Medical care services,CUUR0000SAM2,6.962,2021
Medical care services,CUUR0000SAM2,6.653,2022
Medical care services,CUUR0000SAM2,6.515,2023
Recreation,CUUR0000SAR,6.12,1998
Recreation,CUUR0000SAR,6.008,1999
Recreation,CUUR0000SAR,5.908,2000
Recreation,CUUR0000SAR,6.019,2001
Recreation,CUUR0000SAR,5.943,2002
Recreation,CUUR0000SAR,5.872,2003
Recreation,CUUR0000SAR,5.733,2004
Recreation,CUUR0000SAR,5.637,2005
Recreation,CUUR0000SAR,5.552,2006
Recreation,CUUR0000SAR,5.647,2007
Recreation,CUUR0000SAR,5.741,2008
Recreation,CUUR0000SAR,6.437,2009
Recreation,CUUR0000SAR,6.293,2010
Recreation,CUUR0000SAR,6.044,2011
Recreation,CUUR0000SAR,5.99,2012
Recreation,CUUR0000SAR,5.793,2013
Recreation,CUUR0000SAR,5.75,2014
Recreation,CUUR0000SAR,5.734,2015
Recreation,CUUR0000SAR,5.663,2016
Recreation,CUUR0000SAR,5.737,2017
Recreation,CUUR0000SAR,5.694,2018
Recreation,CUUR0000SAR,5.821,2019
Recreation,CUUR0000SAR,5.797,2020
Recreation,CUUR0000SAR,5.108,2021
Recreation,CUUR0000SAR,5.385,2022
Recreation,CUUR0000SAR,5.307,2023
Transportation,CUUR0000SAT,16.999,1998
Transportation,CUUR0000SAT,17.45,1999
Transportation,CUUR0000SAT,17.567,2000
Transportation,CUUR0000SAT,17.055,2001
Transportation,CUUR0000SAT,17.293,2002
Transportation,CUUR0000SAT,16.881,2003
Transportation,CUUR0000SAT,17.414,2004
Transportation,CUUR0000SAT,17.415,2005
Transportation,CUUR0000SAT,17.249,2006
Transportation,CUUR0000SAT,17.688,2007
Transportation,CUUR0000SAT,15.314,2008
Transportation,CUUR0000SAT,16.685,2009
Transportation,CUUR0000SAT,17.308,2010
Transportation,CUUR0000SAT,16.875,2011
Transportation,CUUR0000SAT,16.846,2012
Transportation,CUUR0000SAT,16.418,2013
Transportation,CUUR0000SAT,15.289,2014
Transportation,CUUR0000SAT,15.259,2015
Transportation,CUUR0000SAT,15.318,2016
Transportation,CUUR0000SAT,16.537,2017
Transportation,CUUR0000SAT,16.348,2018
Transportation,CUUR0000SAT,15.738,2019
Transportation,CUUR0000SAT,15.16,2020
Transportation,CUUR0000SAT,18.182,2021
Transportation,CUUR0000SAT,16.744,2022
Transportation,CUUR0000SAT,15.898,2023
Private transportation,CUUR0000SAT1,15.653,1998
Private transportation,CUUR0000SAT1,16.05,1999
Private transportation,CUUR0000SAT1,16.157,2000
Private transportation,CUUR0000SAT1,15.845,2001
Private transportation,CUUR0000SAT1,16.121,2002
Private transportation,CUUR0000SAT1,15.817,2003
Private transportation,CUUR0000SAT1,16.385,2004
Private transportation,CUUR0000SAT1,16.329,2005
Private transportation,CUUR0000SAT1,16.188,2006
Private transportation,CUUR0000SAT1,16.583,2007
Private transportation,CUUR0000SAT1,14.189,2008
Private transportation,CUUR0000SAT1,15.497,2009
Private transportation,CUUR0000SAT1,16.082,2010
Private transportation,CUUR0000SAT1,15.694,2011
Private transportation,CUUR0000SAT1,15.657,2012
Private transportation,CUUR0000SAT1,15.254,2013
Private transportation,CUUR0000SAT1,14.167,2014
Private transportation,CUUR0000SAT1,14.125,2015
Private transportation,CUUR0000SAT1,14.232,2016
Private transportation,CUUR0000SAT1,15.384,2017
Private transportation,CUUR0000SAT1,15.235,2018
Private transportation,CUUR0000SAT1,14.465,2019
Private transportation,CUUR0000SAT1,14.055,2020
Private transportation,CUUR0000SAT1,17.404,2021
Private transportation,CUUR0000SAT1,15.959,2022
Private transportation,CUUR0000SAT1,14.828,2023
Footwear,CUUR0000SEAE,0.876,1998
Footwear,CUUR0000SEAE,0.828,1999
Footwear,CUUR0000SEAE,0.801,2000
Footwear,CUUR0000SEAE,0.874,2001
Footwear,CUUR0000SEAE,0.853,2002
Footwear,CUUR0000SEAE,0.778,2003
Footwear,CUUR0000SEAE,0.765,2004
Footwear,CUUR0000SEAE,0.759,2005
Footwear,CUUR0000SEAE,0.749,2006
Footwear,CUUR0000SEAE,0.679,2007
Footwear,CUUR0000SEAE,0.688,2008
Footwear,CUUR0000SEAE,0.721,2009
Footwear,CUUR0000SEAE,0.7,2010
Footwear,CUUR0000SEAE,0.678,2011
Footwear,CUUR0000SEAE,0.696,2012
Footwear,CUUR0000SEAE,0.71,2013
Footwear,CUUR0000SEAE,0.725,2014
Footwear,CUUR0000SEAE,0.696,2015
Footwear,CUUR0000SEAE,0.691,2016
Footwear,CUUR0000SEAE,0.671,2017
Footwear,CUUR0000SEAE,0.658,2018
Footwear,CUUR0000SEAE,0.668,2019
Footwear,CUUR0000SEAE,0.644,2020
Footwear,CUUR0000SEAE,0.61,2021
Footwear,CUUR0000SEAE,0.506,2022
Footwear,CUUR0000SEAE,0.53,2023
Infants' and toddlers' apparel,CUUR0000SEAF,0.272,1998
Infants' and toddlers' apparel,CUUR0000SEAF,0.272,1999
Infants' and toddlers' apparel,CUUR0000SEAF,0.254,2000
Infants' and toddlers' apparel,CUUR0000SEAF,0.203,2001
Infants' and toddlers' apparel,CUUR0000SEAF,0.193,2002
Infants' and toddlers' apparel,CUUR0000SEAF,0.195,2003
Infants' and toddlers' apparel,CUUR0000SEAF,0.188,2004
Infants' and toddlers' apparel,CUUR0000SEAF,0.183,2005
Infants' and toddlers' apparel,CUUR0000SEAF,0.177,2006
Infants' and toddlers' apparel,CUUR0000SEAF,0.185,2007
Infants' and toddlers' apparel,CUUR0000SEAF,0.183,2008
Infants' and toddlers' apparel,CUUR0000SEAF,0.196,2009
Infants' and toddlers' apparel,CUUR0000SEAF,0.192,2010
Infants' and toddlers' apparel,CUUR0000SEAF,0.201,2011
Infants' and toddlers' apparel,CUUR0000SEAF,0.2,2012
Infants' and toddlers' apparel,CUUR0000SEAF,0.136,2013
Infants' and toddlers' apparel,CUUR0000SEAF,0.135,2014
Infants' and toddlers' apparel,CUUR0000SEAF,0.157,2015
Infants' and toddlers' apparel,CUUR0000SEAF,0.15,2016
Infants' and toddlers' apparel,CUUR0000SEAF,0.134,2017
Infants' and toddlers' apparel,CUUR0000SEAF,0.138,2018
Infants' and toddlers' apparel,CUUR0000SEAF,0.133,2019
Infants' and toddlers' apparel,CUUR0000SEAF,0.125,2020
Infants' and toddlers' apparel,CUUR0000SEAF,0.113,2021
Infants' and toddlers' apparel,CUUR0000SEAF,0.102,2022
Infants' and toddlers' apparel,CUUR0000SEAF,0.099,2023
Jewelry and watches,CUUR0000SEAG,0.387,1998
Jewelry and watches,CUUR0000SEAG,0.37,1999
Jewelry and watches,CUUR0000SEAG,0.354,2000
Jewelry and watches,CUUR0000SEAG,0.394,2001
Jewelry and watches,CUUR0000SEAG,0.37,2002
Jewelry and watches,CUUR0000SEAG,0.274,2003
Jewelry and watches,CUUR0000SEAG,0.274,2004
Jewelry and watches,CUUR0000SEAG,0.318,2005
Jewelry and watches,CUUR0000SEAG,0.325,2006
Jewelry and watches,CUUR0000SEAG,0.333,2007
Jewelry and watches,CUUR0000SEAG,0.356,2008
Jewelry and watches,CUUR0000SEAG,0.295,2009
Jewelry and watches,CUUR0000SEAG,0.307,2010
Jewelry and watches,CUUR0000SEAG,0.323,2011
Jewelry and watches,CUUR0000SEAG,0.315,2012
Jewelry and watches,CUUR0000SEAG,0.222,2013
Jewelry and watches,CUUR0000SEAG,0.211,2014
Jewelry and watches,CUUR0000SEAG,0.209,2015
Jewelry and watches,CUUR0000SEAG,0.215,2016
Jewelry and watches,CUUR0000SEAG,0.247,2017
Jewelry and watches,CUUR0000SEAG,0.237,2018
Jewelry and watches,CUUR0000SEAG,0.154,2019
Jewelry and watches,CUUR0000SEAG,0.153,2020
Jewelry and watches,CUUR0000SEAG,0.158,2021
Jewelry and watches,CUUR0000SEAG,0.219,2022
Jewelry and watches,CUUR0000SEAG,0.238,2023
Dairy and related products,CUUR0000SEFJ,1.088,1998
Dairy and related products,CUUR0000SEFJ,1.09,1999
Dairy and related products,CUUR0000SEFJ,1.05,2000
Dairy and related products,CUUR0000SEFJ,0.916,2001
Dairy and related products,CUUR0000SEFJ,0.876,2002
Dairy and related products,CUUR0000SEFJ,0.842,2003
Dairy and related products,CUUR0000SEFJ,0.849,2004
Dairy and related products,CUUR0000SEFJ,0.852,2005
Dairy and related products,CUUR0000SEFJ,0.821,2006
Dairy and related products,CUUR0000SEFJ,0.887,2007
Dairy and related products,CUUR0000SEFJ,0.91,2008
Dairy and related products,CUUR0000SEFJ,0.82,2009
Dairy and related products,CUUR0000SEFJ,0.839,2010
Dairy and related products,CUUR0000SEFJ,0.916,2011
Dairy and related products,CUUR0000SEFJ,0.905,2012
Dairy and related products,CUUR0000SEFJ,0.86,2013
Dairy and related products,CUUR0000SEFJ,0.898,2014
Dairy and related products,CUUR0000SEFJ,0.846,2015
Dairy and related products,CUUR0000SEFJ,0.818,2016
Dairy and related products,CUUR0000SEFJ,0.744,2017
Dairy and related products,CUUR0000SEFJ,0.729,2018
Dairy and related products,CUUR0000SEFJ,0.768,2019
Dairy and related products,CUUR0000SEFJ,0.792,2020
Dairy and related products,CUUR0000SEFJ,0.752,2021
Dairy and related products,CUUR0000SEFJ,0.818,2022
Dairy and related products,CUUR0000SEFJ,0.748,2023
Food away from home,CUUR0000SEFV,5.73,1998
Food away from home,CUUR0000SEFV,5.712,1999
Food away from home,CUUR0000SEFV,5.658,2000
Food away from home,CUUR0000SEFV,6.22,2001
Food away from home,CUUR0000SEFV,6.216,2002
Food away from home,CUUR0000SEFV,6.127,2003
Food away from home,CUUR0000SEFV,6.113,2004
Food away from home,CUUR0000SEFV,5.953,2005
Food away from home,CUUR0000SEFV,5.989,2006
Food away from home,CUUR0000SEFV,6.173,2007
Food away from home,CUUR0000SEFV,6.474,2008
Food away from home,CUUR0000SEFV,5.937,2009
Food away from home,CUUR0000SEFV,5.926,2010
Food away from home,CUUR0000SEFV,5.669,2011
Food away from home,CUUR0000SEFV,5.713,2012
Food away from home,CUUR0000SEFV,5.704,2013
Food away from home,CUUR0000SEFV,5.83,2014
Food away from home,CUUR0000SEFV,5.785,2015
Food away from home,CUUR0000SEFV,5.799,2016
Food away from home,CUUR0000SEFV,6.002,2017
Food away from home,CUUR0000SEFV,6.055,2018
Food away from home,CUUR0000SEFV,6.191,2019
Food away from home,CUUR0000SEFV,6.347,2020
Food away from home,CUUR0000SEFV,5.205,2021
Food away from home,CUUR0000SEFV,4.803,2022
Food away from home,CUUR0000SEFV,5.388,2023
Tobacco and smoking products,CUUR0000SEGA,1.159,1998
Tobacco and smoking products,CUUR0000SEGA,1.258,1999
Tobacco and smoking products,CUUR0000SEGA,1.308,2000
Tobacco and smoking products,CUUR0000SEGA,0.928,2001
Tobacco and smoking products,CUUR0000SEGA,0.992,2002
Tobacco and smoking products,CUUR0000SEGA,0.806,2003
Tobacco and smoking products,CUUR0000SEGA,0.804,2004
Tobacco and smoking products,CUUR0000SEGA,0.71,2005
Tobacco and smoking products,CUUR0000SEGA,0.712,2006
Tobacco and smoking products,CUUR0000SEGA,0.731,2007
Tobacco and smoking products,CUUR0000SEGA,0.776,2008
Tobacco and smoking products,CUUR0000SEGA,0.871,2009
Tobacco and smoking products,CUUR0000SEGA,0.906,2010
Tobacco and smoking products,CUUR0000SEGA,0.804,2011
Tobacco and smoking products,CUUR0000SEGA,0.805,2012
Tobacco and smoking products,CUUR0000SEGA,0.703,2013
Tobacco and smoking products,CUUR0000SEGA,0.718,2014
Tobacco and smoking products,CUUR0000SEGA,0.655,2015
Tobacco and smoking products,CUUR0000SEGA,0.665,2016
Tobacco and smoking products,CUUR0000SEGA,0.651,2017
Tobacco and smoking products,CUUR0000SEGA,0.661,2018
Tobacco and smoking products,CUUR0000SEGA,0.587,2019
Tobacco and smoking products,CUUR0000SEGA,0.608,2020
Tobacco and smoking products,CUUR0000SEGA,0.526,2021
Tobacco and smoking products,CUUR0000SEGA,0.494,2022
Tobacco and smoking products,CUUR0000SEGA,0.542,2023
Rent of primary residence,CUUR0000SEHA,7.007,1998
Rent of primary residence,CUUR0000SEHA,7.036,1999
Rent of primary residence,CUUR0000SEHA,7.079,2000
Rent of primary residence,CUUR0000SEHA,6.421,2001
Rent of primary residence,CUUR0000SEHA,6.467,2002
Rent of primary residence,CUUR0000SEHA,6.157,2003
Rent of primary residence,CUUR0000SEHA,6.133,2004
Rent of primary residence,CUUR0000SEHA,5.832,2005
Rent of primary residence,CUUR0000SEHA,5.93,2006
Rent of primary residence,CUUR0000SEHA,5.765,2007
Rent of primary residence,CUUR0000SEHA,5.957,2008
Rent of primary residence,CUUR0000SEHA,5.966,2009
Rent of primary residence,CUUR0000SEHA,5.925,2010
Rent of primary residence,CUUR0000SEHA,6.485,2011
Rent of primary residence,CUUR0000SEHA,6.545,2012
Rent of primary residence,CUUR0000SEHA,6.977,2013
Rent of primary residence,CUUR0000SEHA,7.159,2014
Rent of primary residence,CUUR0000SEHA,7.733,2015
Rent of primary residence,CUUR0000SEHA,7.875,2016
Rent of primary residence,CUUR0000SEHA,7.823,2017
Rent of primary residence,CUUR0000SEHA,7.943,2018
Rent of primary residence,CUUR0000SEHA,7.792,2019
Rent of primary residence,CUUR0000SEHA,7.862,2020
Rent of primary residence,CUUR0000SEHA,7.398,2021
Rent of primary residence,CUUR0000SEHA,7.528,2022
Rent of primary residence,CUUR0000SEHA,7.671,2023
Lodging away from home,CUUR0000SEHB,2.376,1998
Lodging away from home,CUUR0000SEHB,2.359,1999
Lodging away from home,CUUR0000SEHB,2.346,2000
Lodging away from home,CUUR0000SEHB,2.702,2001
Lodging away from home,CUUR0000SEHB,2.654,2002
Lodging away from home,CUUR0000SEHB,2.954,2003
Lodging away from home,CUUR0000SEHB,3.008,2004
Lodging away from home,CUUR0000SEHB,2.611,2005
Lodging away from home,CUUR0000SEHB,2.648,2006
Lodging away from home,CUUR0000SEHB,2.564,2007
Lodging away from home,CUUR0000SEHB,2.478,2008
Lodging away from home,CUUR0000SEHB,0.769,2009
Lodging away from home,CUUR0000SEHB,0.776,2010
Lodging away from home,CUUR0000SEHB,0.749,2011
Lodging away from home,CUUR0000SEHB,0.741,2012
Lodging away from home,CUUR0000SEHB,0.795,2013
Lodging away from home,CUUR0000SEHB,0.839,2014
Lodging away from home,CUUR0000SEHB,0.841,2015
Lodging away from home,CUUR0000SEHB,0.851,2016
Lodging away from home,CUUR0000SEHB,0.898,2017
Lodging away from home,CUUR0000SEHB,0.887,2018
Lodging away from home,CUUR0000SEHB,0.924,2019
Lodging away from home,CUUR0000SEHB,0.825,2020
Lodging away from home,CUUR0000SEHB,0.914,2021
Lodging away from home,CUUR0000SEHB,1.085,2022
Lodging away from home,CUUR0000SEHB,1.338,2023
Owners' equivalent rent of primary residence,CUUR0000SEHC01,20.529,1998
Owners' equivalent rent of primary residence,CUUR0000SEHC01,20.47,1999
Owners' equivalent rent of primary residence,CUUR0000SEHC01,20.46,2000
Owners' equivalent rent of primary residence,CUUR0000SEHC01,22.046,2001
Owners' equivalent rent of primary residence,CUUR0000SEHC01,22.243,2002
Owners' equivalent rent of primary residence,CUUR0000SEHC01,23.383,2003
Owners' equivalent rent of primary residence,CUUR0000SEHC01,23.158,2004
Owners' equivalent rent of primary residence,CUUR0000SEHC01,23.442,2005
Owners' equivalent rent of primary residence,CUUR0000SEHC01,23.83,2006
Owners' equivalent rent of primary residence,CUUR0000SEHC01,23.942,2007
Owners' equivalent rent of primary residence,CUUR0000SEHC01,24.433,2008
Owners' equivalent rent of primary residence,CUUR0000SEHC01,23.593,2009
Owners' equivalent rent of primary residence,CUUR0000SEHC01,23.31,2010
Owners' equivalent rent of primary residence,CUUR0000SEHC01,22.543,2011
Owners' equivalent rent of primary residence,CUUR0000SEHC01,22.622,2012
Owners' equivalent rent of primary residence,CUUR0000SEHC01,22.505,2013
Owners' equivalent rent of primary residence,CUUR0000SEHC01,22.918,2014
Owners' equivalent rent of primary residence,CUUR0000SEHC01,23.116,2015
Owners' equivalent rent of primary residence,CUUR0000SEHC01,23.457,2016
Owners' equivalent rent of primary residence,CUUR0000SEHC01,22.422,2017
Owners' equivalent rent of primary residence,CUUR0000SEHC01,22.711,2018
Owners' equivalent rent of primary residence,CUUR0000SEHC01,22.864,2019
Owners' equivalent rent of primary residence,CUUR0000SEHC01,23.044,2020
Owners' equivalent rent of primary residence,CUUR0000SEHC01,22.988,2021
Owners' equivalent rent of primary residence,CUUR0000SEHC01,24.038,2022
Owners' equivalent rent of primary residence,CUUR0000SEHC01,25.44,2023
Tenants' and household insurance,CUUR0000SEHD,0.371,1998
Tenants' and household insurance,CUUR0000SEHD,0.37,1999
Tenants' and household insurance,CUUR0000SEHD,0.366,2000
Tenants' and household insurance,CUUR0000SEHD,0.353,2001
Tenants' and household insurance,CUUR0000SEHD,0.365,2002
Tenants' and household insurance,CUUR0000SEHD,0.385,2003
Tenants' and household insurance,CUUR0000SEHD,0.387,2004
Tenants' and household insurance,CUUR0000SEHD,0.375,2005
Tenants' and household insurance,CUUR0000SEHD,0.369,2006
Tenants' and household insurance,CUUR0000SEHD,0.325,2007
Tenants' and household insurance,CUUR0000SEHD,0.333,2008
Tenants' and household insurance,CUUR0000SEHD,0.347,2009
Tenants' and household insurance,CUUR0000SEHD,0.349,2010
Tenants' and household insurance,CUUR0000SEHD,0.348,2011
Tenants' and household insurance,CUUR0000SEHD,0.354,2012
Tenants' and household insurance,CUUR0000SEHD,0.358,2013
Tenants' and household insurance,CUUR0000SEHD,0.375,2014
Tenants' and household insurance,CUUR0000SEHD,0.35,2015
Tenants' and household insurance,CUUR0000SEHD,0.343,2016
Tenants' and household insurance,CUUR0000SEHD,0.375,2017
Tenants' and household insurance,CUUR0000SEHD,0.375,2018
Tenants' and household insurance,CUUR0000SEHD,0.371,2019
Tenants' and household insurance,CUUR0000SEHD,0.366,2020
Tenants' and household insurance,CUUR0000SEHD,0.383,2021
Tenants' and household insurance,CUUR0000SEHD,0.376,2022
Tenants' and household insurance,CUUR0000SEHD,0.413,2023
Fuel oil and other fuels,CUUR0000SEHE,0.227,1998
Fuel oil and other fuels,CUUR0000SEHE,0.273,1999
Fuel oil and other fuels,CUUR0000SEHE,0.361,2000
Fuel oil and other fuels,CUUR0000SEHE,0.188,2001
Fuel oil and other fuels,CUUR0000SEHE,0.205,2002
Fuel oil and other fuels,CUUR0000SEHE,0.231,2003
Fuel oil and other fuels,CUUR0000SEHE,0.3,2004
Fuel oil and other fuels,CUUR0000SEHE,0.339,2005
Fuel oil and other fuels,CUUR0000SEHE,0.338,2006
Fuel oil and other fuels,CUUR0000SEHE,0.351,2007
Fuel oil and other fuels,CUUR0000SEHE,0.301,2008
Fuel oil and other fuels,CUUR0000SEHE,0.276,2009
Fuel oil and other fuels,CUUR0000SEHE,0.309,2010
Fuel oil and other fuels,CUUR0000SEHE,0.343,2011
Fuel oil and other fuels,CUUR0000SEHE,0.332,2012
Fuel oil and other fuels,CUUR0000SEHE,0.275,2013
Fuel oil and other fuels,CUUR0000SEHE,0.236,2014
Fuel oil and other fuels,CUUR0000SEHE,0.18,2015
Fuel oil and other fuels,CUUR0000SEHE,0.19,2016
Fuel oil and other fuels,CUUR0000SEHE,0.186,2017
Fuel oil and other fuels,CUUR0000SEHE,0.185,2018
Fuel oil and other fuels,CUUR0000SEHE,0.17,2019
Fuel oil and other fuels,CUUR0000SEHE,0.145,2020
Fuel oil and other fuels,CUUR0000SEHE,0.192,2021
Fuel oil and other fuels,CUUR0000SEHE,0.215,2022
Fuel oil and other fuels,CUUR0000SEHE,0.167,2023
Energy services,CUUR0000SEHF,3.574,1998
Energy services,CUUR0000SEHF,3.521,1999
Energy services,CUUR0000SEHF,3.838,2000
Energy services,CUUR0000SEHF,3.466,2001
Energy services,CUUR0000SEHF,3.399,2002
Energy services,CUUR0000SEHF,3.599,2003
Energy services,CUUR0000SEHF,3.722,2004
Energy services,CUUR0000SEHF,4.155,2005
Energy services,CUUR0000SEHF,4.029,2006
Energy services,CUUR0000SEHF,3.864,2007
Energy services,CUUR0000SEHF,4.159,2008
Energy services,CUUR0000SEHF,3.752,2009
Energy services,CUUR0000SEHF,3.691,2010
Energy services,CUUR0000SEHF,3.873,2011
Energy services,CUUR0000SEHF,3.767,2012
Energy services,CUUR0000SEHF,3.705,2013
Energy services,CUUR0000SEHF,3.815,2014
Energy services,CUUR0000SEHF,3.588,2015
Energy services,CUUR0000SEHF,3.592,2016
Energy services,CUUR0000SEHF,3.419,2017
Energy services,CUUR0000SEHF,3.4,2018
Energy services,CUUR0000SEHF,3.096,2019
Energy services,CUUR0000SEHF,3.135,2020
Energy services,CUUR0000SEHF,3.334,2021
Energy services,CUUR0000SEHF,3.431,2022
Energy services,CUUR0000SEHF,3.116,2023
Water and sewer and trash collection services,CUUR0000SEHG,0.934,1998
Water and sewer and trash collection services,CUUR0000SEHG,0.928,1999
Water and sewer and trash collection services,CUUR0000SEHG,0.924,2000
Water and sewer and trash collection services,CUUR0000SEHG,0.857,2001
Water and sewer and trash collection services,CUUR0000SEHG,0.864,2002
Water and sewer and trash collection services,CUUR0000SEHG,0.91,2003
Water and sewer and trash collection services,CUUR0000SEHG,0.93,2004
Water and sewer and trash collection services,CUUR0000SEHG,0.877,2005
Water and sewer and trash collection services,CUUR0000SEHG,0.897,2006
Water and sewer and trash collection services,CUUR0000SEHG,0.913,2007
Water and sewer and trash collection services,CUUR0000SEHG,0.971,2008
Water and sewer and trash collection services,CUUR0000SEHG,1.052,2009
Water and sewer and trash collection services,CUUR0000SEHG,1.095,2010
Water and sewer and trash collection services,CUUR0000SEHG,1.156,2011
Water and sewer and trash collection services,CUUR0000SEHG,1.201,2012
Water and sewer and trash collection services,CUUR0000SEHG,1.177,2013
Water and sewer and trash collection services,CUUR0000SEHG,1.222,2014
Water and sewer and trash collection services,CUUR0000SEHG,1.157,2015
Water and sewer and trash collection services,CUUR0000SEHG,1.172,2016
Water and sewer and trash collection services,CUUR0000SEHG,1.074,2017
Water and sewer and trash collection services,CUUR0000SEHG,1.101,2018
Water and sewer and trash collection services,CUUR0000SEHG,1.083,2019
Water and sewer and trash collection services,CUUR0000SEHG,1.107,2020
Water and sewer and trash collection services,CUUR0000SEHG,1.111,2021
Water and sewer and trash collection services,CUUR0000SEHG,1.056,2022
Water and sewer and trash collection services,CUUR0000SEHG,1.086,2023
Video and audio,CUUR0000SERA,1.748,1998
Video and audio,CUUR0000SERA,1.691,1999
Video and audio,CUUR0000SERA,1.646,2000
Video and audio,CUUR0000SERA,1.645,2001
Video and audio,CUUR0000SERA,1.638,2002
Video and audio,CUUR0000SERA,1.736,2003
Video and audio,CUUR0000SERA,1.691,2004
Video and audio,CUUR0000SERA,1.783,2005
Video and audio,CUUR0000SERA,1.719,2006
Video and audio,CUUR0000SERA,1.843,2007
Video and audio,CUUR0000SERA,1.822,2008
Video and audio,CUUR0000SERA,1.894,2009
Video and audio,CUUR0000SERA,1.816,2010
Video and audio,CUUR0000SERA,1.924,2011
Video and audio,CUUR0000SERA,1.897,2012
Video and audio,CUUR0000SERA,1.867,2013
Video and audio,CUUR0000SERA,1.847,2014
Video and audio,CUUR0000SERA,1.856,2015
Video and audio,CUUR0000SERA,1.846,2016
Video and audio,CUUR0000SERA,1.853,2017
Video and audio,CUUR0000SERA,1.817,2018
Video and audio,CUUR0000SERA,1.518,2019
Video and audio,CUUR0000SERA,1.537,2020
Video and audio,CUUR0000SERA,1.471,2021
Video and audio,CUUR0000SERA,1.266,2022
Video and audio,CUUR0000SERA,1.19,2023
"Pets, pet products and services",CUUR0000SERB,0.666,1998
"Pets, pet products and services",CUUR0000SERB,0.661,1999
"Pets, pet products and services",CUUR0000SERB,0.658,2000
"Pets, pet products and services",CUUR0000SERB,0.711,2001
"Pets, pet products and services",CUUR0000SERB,0.71,2002
"Pets, pet products and services",CUUR0000SERB,0.594,2003
"Pets, pet products and services",CUUR0000SERB,0.6,2004
"Pets, pet products and services",CUUR0000SERB,0.64,2005
"Pets, pet products and services",CUUR0000SERB,0.646,2006
"Pets, pet products and services",CUUR0000SERB,0.722,2007
"Pets, pet products and services",CUUR0000SERB,0.792,2008
"Pets, pet products and services",CUUR0000SERB,1.145,2009
"Pets, pet products and services",CUUR0000SERB,1.141,2010
"Pets, pet products and services",CUUR0000SERB,1.101,2011
"Pets, pet products and services",CUUR0000SERB,1.099,2012
"Pets, pet products and services",CUUR0000SERB,1.053,2013
"Pets, pet products and services",CUUR0000SERB,1.058,2014
"Pets, pet products and services",CUUR0000SERB,0.962,2015
"Pets, pet products and services",CUUR0000SERB,0.955,2016
"Pets, pet products and services",CUUR0000SERB,1.017,2017
"Pets, pet products and services",CUUR0000SERB,1.022,2018
"Pets, pet products and services",CUUR0000SERB,1.203,2019
"Pets, pet products and services",CUUR0000SERB,1.192,2020
"Pets, pet products and services",CUUR0000SERB,1.058,2021
"Pets, pet products and services",CUUR0000SERB,1.205,2022
"Pets, pet products and services",CUUR0000SERB,1.055,2023
Sporting goods,CUUR0000SERC,0.482,1998
Sporting goods,CUUR0000SERC,0.456,1999
Sporting goods,CUUR0000SERC,0.444,2000
Sporting goods,CUUR0000SERC,0.628,2001
Sporting goods,CUUR0000SERC,0.605,2002
Sporting goods,CUUR0000SERC,0.644,2003
Sporting goods,CUUR0000SERC,0.616,2004
Sporting goods,CUUR0000SERC,0.682,2005
Sporting goods,CUUR0000SERC,0.674,2006
Sporting goods,CUUR0000SERC,0.586,2007
Sporting goods,CUUR0000SERC,0.603,2008
Sporting goods,CUUR0000SERC,0.613,2009
Sporting goods,CUUR0000SERC,0.601,2010
Sporting goods,CUUR0000SERC,0.464,2011
Sporting goods,CUUR0000SERC,0.461,2012
Sporting goods,CUUR0000SERC,0.412,2013
Sporting goods,CUUR0000SERC,0.4,2014
Sporting goods,CUUR0000SERC,0.446,2015
Sporting goods,CUUR0000SERC,0.431,2016
Sporting goods,CUUR0000SERC,0.502,2017
Sporting goods,CUUR0000SERC,0.505,2018
Sporting goods,CUUR0000SERC,0.597,2019
Sporting goods,CUUR0000SERC,0.604,2020
Sporting goods,CUUR0000SERC,0.564,2021
Sporting goods,CUUR0000SERC,0.764,2022
Sporting goods,CUUR0000SERC,0.648,2023
Photography,CUUR0000SERD,0.259,1998
Photography,CUUR0000SERD,0.252,1999
Photography,CUUR0000SERD,0.244,2000
Photography,CUUR0000SERD,0.241,2001
Photography,CUUR0000SERD,0.231,2002
Photography,CUUR0000SERD,0.226,2003
Photography,CUUR0000SERD,0.212,2004
Photography,CUUR0000SERD,0.181,2005
Photography,CUUR0000SERD,0.168,2006
Photography,CUUR0000SERD,0.164,2007
Photography,CUUR0000SERD,0.161,2008
Photography,CUUR0000SERD,0.167,2009
Photography,CUUR0000SERD,0.158,2010
Photography,CUUR0000SERD,0.115,2011
Photography,CUUR0000SERD,0.109,2012
Photography,CUUR0000SERD,0.121,2013
Photography,CUUR0000SERD,0.12,2014
Photography,CUUR0000SERD,0.089,2015
Photography,CUUR0000SERD,0.089,2016
Photography,CUUR0000SERD,0.075,2017
Photography,CUUR0000SERD,0.073,2018
Photography,CUUR0000SERD,0.07,2019
Photography,CUUR0000SERD,0.071,2020
Photography,CUUR0000SERD,0.051,2021
Photography,CUUR0000SERD,0.061,2022
Photography,CUUR0000SERD,0.077,2023
Other recreational goods,CUUR0000SERE,0.558,1998
Other recreational goods,CUUR0000SERE,0.507,1999
Other recreational goods,CUUR0000SERE,0.478,2000
Other recreational goods,CUUR0000SERE,0.497,2001
Other recreational goods,CUUR0000SERE,0.449,2002
Other recreational goods,CUUR0000SERE,0.458,2003
Other recreational goods,CUUR0000SERE,0.425,2004
Other recreational goods,CUUR0000SERE,0.403,2005
Other recreational goods,CUUR0000SERE,0.381,2006
Other recreational goods,CUUR0000SERE,0.37,2007
Other recreational goods,CUUR0000SERE,0.354,2008
Other recreational goods,CUUR0000SERE,0.485,2009
Other recreational goods,CUUR0000SERE,0.461,2010
Other recreational goods,CUUR0000SERE,0.473,2011
Other recreational goods,CUUR0000SERE,0.446,2012
Other recreational goods,CUUR0000SERE,0.399,2013
Other recreational goods,CUUR0000SERE,0.381,2014
Other recreational goods,CUUR0000SERE,0.403,2015
Other recreational goods,CUUR0000SERE,0.366,2016
Other recreational goods,CUUR0000SERE,0.355,2017
Other recreational goods,CUUR0000SERE,0.324,2018
Other recreational goods,CUUR0000SERE,0.374,2019
Other recreational goods,CUUR0000SERE,0.356,2020
Other recreational goods,CUUR0000SERE,0.384,2021
Other recreational goods,CUUR0000SERE,0.44,2022
Other recreational goods,CUUR0000SERE,0.356,2023
Recreation services,CUUR0000SERF,1.806,1998
Recreation services,CUUR0000SERF,1.851,1999
Recreation services,CUUR0000SERF,1.86,2000
Recreation services,CUUR0000SERF,1.861,2001
Recreation services,CUUR0000SERF,1.875,2002
Recreation services,CUUR0000SERF,1.84,2003
Recreation services,CUUR0000SERF,1.819,2004
Recreation services,CUUR0000SERF,1.631,2005
Recreation services,CUUR0000SERF,1.651,2006
Recreation services,CUUR0000SERF,1.697,2007
Recreation services,CUUR0000SERF,1.735,2008
Recreation services,CUUR0000SERF,1.872,2009
Recreation services,CUUR0000SERF,1.86,2010
Recreation services,CUUR0000SERF,1.742,2011
Recreation services,CUUR0000SERF,1.753,2012
Recreation services,CUUR0000SERF,1.723,2013
Recreation services,CUUR0000SERF,1.724,2014
Recreation services,CUUR0000SERF,1.824,2015
Recreation services,CUUR0000SERF,1.824,2016
Recreation services,CUUR0000SERF,1.82,2017
Recreation services,CUUR0000SERF,1.836,2018
Recreation services,CUUR0000SERF,1.942,2019
Recreation services,CUUR0000SERF,1.916,2020
Recreation services,CUUR0000SERF,1.483,2021
Recreation services,CUUR0000SERF,1.536,2022
Recreation services,CUUR0000SERF,1.878,2023
Recreational reading materials,CUUR0000SERG,0.601,1998
Recreational reading materials,CUUR0000SERG,0.59,1999
Recreational reading materials,CUUR0000SERG,0.578,2000
Recreational reading materials,CUUR0000SERG,0.436,2001
Recreational reading materials,CUUR0000SERG,0.435,2002
Recreational reading materials,CUUR0000SERG,0.375,2003
Recreational reading materials,CUUR0000SERG,0.371,2004
Recreational reading materials,CUUR0000SERG,0.318,2005
Recreational reading materials,CUUR0000SERG,0.312,2006
Recreational reading materials,CUUR0000SERG,0.265,2007
Recreational reading materials,CUUR0000SERG,0.274,2008
Recreational reading materials,CUUR0000SERG,0.261,2009
Recreational reading materials,CUUR0000SERG,0.256,2010
Recreational reading materials,CUUR0000SERG,0.224,2011
Recreational reading materials,CUUR0000SERG,0.226,2012
Recreational reading materials,CUUR0000SERG,0.216,2013
Recreational reading materials,CUUR0000SERG,0.22,2014
Recreational reading materials,CUUR0000SERG,0.155,2015
Recreational reading materials,CUUR0000SERG,0.153,2016
Recreational reading materials,CUUR0000SERG,0.113,2017
Recreational reading materials,CUUR0000SERG,0.116,2018
Recreational reading materials,CUUR0000SERG,0.117,2019
Recreational reading materials,CUUR0000SERG,0.12,2020
Recreational reading materials,CUUR0000SERG,0.097,2021
Recreational reading materials,CUUR0000SERG,0.114,2022
Recreational reading materials,CUUR0000SERG,0.102,2023
New and used motor vehicles,CUUR0000SETA,7.843,1998
New and used motor vehicles,CUUR0000SETA,7.652,1999
New and used motor vehicles,CUUR0000SETA,7.477,2000
New and used motor vehicles,CUUR0000SETA,8.614,2001
New and used motor vehicles,CUUR0000SETA,8.17,2002
New and used motor vehicles,CUUR0000SETA,7.912,2003
New and used motor vehicles,CUUR0000SETA,7.744,2004
New and used motor vehicles,CUUR0000SETA,7.858,2005
New and used motor vehicles,CUUR0000SETA,7.581,2006
New and used motor vehicles,CUUR0000SETA,7.191,2007
New and used motor vehicles,CUUR0000SETA,6.931,2008
New and used motor vehicles,CUUR0000SETA,6.386,2009
New and used motor vehicles,CUUR0000SETA,6.333,2010
New and used motor vehicles,CUUR0000SETA,5.651,2011
New and used motor vehicles,CUUR0000SETA,5.551,2012
New and used motor vehicles,CUUR0000SETA,5.815,2013
New and used motor vehicles,CUUR0000SETA,5.72,2014
New and used motor vehicles,CUUR0000SETA,6.604,2015
New and used motor vehicles,CUUR0000SETA,6.403,2016
New and used motor vehicles,CUUR0000SETA,7.08,2017
New and used motor vehicles,CUUR0000SETA,7.005,2018
New and used motor vehicles,CUUR0000SETA,7.277,2019
New and used motor vehicles,CUUR0000SETA,7.525,2020
New and used motor vehicles,CUUR0000SETA,9.218,2021
New and used motor vehicles,CUUR0000SETA,8.083,2022
New and used motor vehicles,CUUR0000SETA,6.42,2023
Motor fuel,CUUR0000SETB,2.493,1998
Motor fuel,CUUR0000SETB,3.16,1999
Motor fuel,CUUR0000SETB,3.482,2000
Motor fuel,CUUR0000SETB,2.564,2001
Motor fuel,CUUR0000SETB,3.119,2002
Motor fuel,CUUR0000SETB,3.249,2003
Motor fuel,CUUR0000SETB,3.969,2004
Motor fuel,CUUR0000SETB,4.191,2005
Motor fuel,CUUR0000SETB,4.347,2006
Motor fuel,CUUR0000SETB,5.482,2007
Motor fuel,CUUR0000SETB,3.164,2008
Motor fuel,CUUR0000SETB,4.525,2009
Motor fuel,CUUR0000SETB,5.079,2010
Motor fuel,CUUR0000SETB,5.463,2011
Motor fuel,CUUR0000SETB,5.462,2012
Motor fuel,CUUR0000SETB,5.065,2013
Motor fuel,CUUR0000SETB,3.979,2014
Motor fuel,CUUR0000SETB,3.048,2015
Motor fuel,CUUR0000SETB,3.257,2016
Motor fuel,CUUR0000SETB,3.908,2017
Motor fuel,CUUR0000SETB,3.762,2018
Motor fuel,CUUR0000SETB,3.44,2019
Motor fuel,CUUR0000SETB,2.875,2020
Motor fuel,CUUR0000SETB,3.822,2021
Motor fuel,CUUR0000SETB,3.275,2022
Motor fuel,CUUR0000SETB,3.372,2023
Motor vehicle parts and equipment,CUUR0000SETC,0.549,1998
Motor vehicle parts and equipment,CUUR0000SETC,0.533,1999
Motor vehicle parts and equipment,CUUR0000SETC,0.527,2000
Motor vehicle parts and equipment,CUUR0000SETC,0.421,2001
Motor vehicle parts and equipment,CUUR0000SETC,0.416,2002
Motor vehicle parts and equipment,CUUR0000SETC,0.369,2003
Motor vehicle parts and equipment,CUUR0000SETC,0.364,2004
Motor vehicle parts and equipment,CUUR0000SETC,0.362,2005
Motor vehicle parts and equipment,CUUR0000SETC,0.37,2006
Motor vehicle parts and equipment,CUUR0000SETC,0.356,2007
Motor vehicle parts and equipment,CUUR0000SETC,0.382,2008
Motor vehicle parts and equipment,CUUR0000SETC,0.401,2009
Motor vehicle parts and equipment,CUUR0000SETC,0.408,2010
Motor vehicle parts and equipment,CUUR0000SETC,0.438,2011
Motor vehicle parts and equipment,CUUR0000SETC,0.434,2012
Motor vehicle parts and equipment,CUUR0000SETC,0.441,2013
Motor vehicle parts and equipment,CUUR0000SETC,0.435,2014
Motor vehicle parts and equipment,CUUR0000SETC,0.396,2015
Motor vehicle parts and equipment,CUUR0000SETC,0.384,2016
Motor vehicle parts and equipment,CUUR0000SETC,0.382,2017
Motor vehicle parts and equipment,CUUR0000SETC,0.383,2018
Motor vehicle parts and equipment,CUUR0000SETC,0.397,2019
Motor vehicle parts and equipment,CUUR0000SETC,0.393,2020
Motor vehicle parts and equipment,CUUR0000SETC,0.423,2021
Motor vehicle parts and equipment,CUUR0000SETC,0.491,2022
Motor vehicle parts and equipment,CUUR0000SETC,0.469,2023
Motor vehicle maintenance and repair,CUUR0000SETD,1.624,1998
Motor vehicle maintenance and repair,CUUR0000SETD,1.622,1999
Motor vehicle maintenance and repair,CUUR0000SETD,1.623,2000
Motor vehicle maintenance and repair,CUUR0000SETD,1.4,2001
Motor vehicle maintenance and repair,CUUR0000SETD,1.418,2002
Motor vehicle maintenance and repair,CUUR0000SETD,1.349,2003
Motor vehicle maintenance and repair,CUUR0000SETD,1.341,2004
Motor vehicle maintenance and repair,CUUR0000SETD,1.131,2005
Motor vehicle maintenance and repair,CUUR0000SETD,1.145,2006
Motor vehicle maintenance and repair,CUUR0000SETD,1.123,2007
Motor vehicle maintenance and repair,CUUR0000SETD,1.188,2008
Motor vehicle maintenance and repair,CUUR0000SETD,1.167,2009
Motor vehicle maintenance and repair,CUUR0000SETD,1.172,2010
Motor vehicle maintenance and repair,CUUR0000SETD,1.155,2011
Motor vehicle maintenance and repair,CUUR0000SETD,1.149,2012
Motor vehicle maintenance and repair,CUUR0000SETD,1.153,2013
Motor vehicle maintenance and repair,CUUR0000SETD,1.168,2014
Motor vehicle maintenance and repair,CUUR0000SETD,1.167,2015
Motor vehicle maintenance and repair,CUUR0000SETD,1.165,2016
Motor vehicle maintenance and repair,CUUR0000SETD,1.123,2017
Motor vehicle maintenance and repair,CUUR0000SETD,1.128,2018
Motor vehicle maintenance and repair,CUUR0000SETD,1.077,2019
Motor vehicle maintenance and repair,CUUR0000SETD,1.099,2020
Motor vehicle maintenance and repair,CUUR0000SETD,1.038,2021
Motor vehicle maintenance and repair,CUUR0000SETD,1.104,2022
Motor vehicle maintenance and repair,CUUR0000SETD,1.233,2023
Motor vehicle insurance,CUUR0000SETE,2.502,1998
Motor vehicle insurance,CUUR0000SETE,2.45,1999
Motor vehicle insurance,CUUR0000SETE,2.413,2000
Motor vehicle insurance,CUUR0000SETE,2.288,2001
Motor vehicle insurance,CUUR0000SETE,2.436,2002
Motor vehicle insurance,CUUR0000SETE,2.466,2003
Motor vehicle insurance,CUUR0000SETE,2.47,2004
Motor vehicle insurance,CUUR0000SETE,2.301,2005
Motor vehicle insurance,CUUR0000SETE,2.261,2006
Motor vehicle insurance,CUUR0000SETE,1.966,2007
Motor vehicle insurance,CUUR0000SETE,2.042,2008
Motor vehicle insurance,CUUR0000SETE,2.492,2009
Motor vehicle insurance,CUUR0000SETE,2.563,2010
Motor vehicle insurance,CUUR0000SETE,2.426,2011
Motor vehicle insurance,CUUR0000SETE,2.497,2012
Motor vehicle insurance,CUUR0000SETE,2.213,2013
Motor vehicle insurance,CUUR0000SETE,2.3,2014
Motor vehicle insurance,CUUR0000SETE,2.379,2015
Motor vehicle insurance,CUUR0000SETE,2.494,2016
Motor vehicle insurance,CUUR0000SETE,2.352,2017
Motor vehicle insurance,CUUR0000SETE,2.415,2018
Motor vehicle insurance,CUUR0000SETE,1.701,2019
Motor vehicle insurance,CUUR0000SETE,1.598,2020
Motor vehicle insurance,CUUR0000SETE,2.383,2021
Motor vehicle insurance,CUUR0000SETE,2.511,2022
Motor vehicle insurance,CUUR0000SETE,2.794,2023
Motor vehicle fees,CUUR0000SETF,0.642,1998
Motor vehicle fees,CUUR0000SETF,0.634,1999
Motor vehicle fees,CUUR0000SETF,0.634,2000
Motor vehicle fees,CUUR0000SETF,0.558,2001
Motor vehicle fees,CUUR0000SETF,0.563,2002
Motor vehicle fees,CUUR0000SETF,0.472,2003
Motor vehicle fees,CUUR0000SETF,0.496,2004
Motor vehicle fees,CUUR0000SETF,0.485,2005
Motor vehicle fees,CUUR0000SETF,0.484,2006
Motor vehicle fees,CUUR0000SETF,0.465,2007
Motor vehicle fees,CUUR0000SETF,0.482,2008
Motor vehicle fees,CUUR0000SETF,0.527,2009
Motor vehicle fees,CUUR0000SETF,0.526,2010
Motor vehicle fees,CUUR0000SETF,0.561,2011
Motor vehicle fees,CUUR0000SETF,0.563,2012
Motor vehicle fees,CUUR0000SETF,0.567,2013
Motor vehicle fees,CUUR0000SETF,0.565,2014
Motor vehicle fees,CUUR0000SETF,0.53,2015
Motor vehicle fees,CUUR0000SETF,0.529,2016
Motor vehicle fees,CUUR0000SETF,0.538,2017
Motor vehicle fees,CUUR0000SETF,0.543,2018
Motor vehicle fees,CUUR0000SETF,0.573,2019
Motor vehicle fees,CUUR0000SETF,0.565,2020
Motor vehicle fees,CUUR0000SETF,0.521,2021
Motor vehicle fees,CUUR0000SETF,0.495,2022
Motor vehicle fees,CUUR0000SETF,0.54,2023
Public transportation,CUUR0000SETG,1.346,1998
Public transportation,CUUR0000SETG,1.4,1999
Public transportation,CUUR0000SETG,1.41,2000
Public transportation,CUUR0000SETG,1.211,2001
Public transportation,CUUR0000SETG,1.172,2002
Public transportation,CUUR0000SETG,1.064,2003
Public transportation,CUUR0000SETG,1.029,2004
Public transportation,CUUR0000SETG,1.087,2005
Public transportation,CUUR0000SETG,1.06,2006
Public transportation,CUUR0000SETG,1.106,2007
Public transportation,CUUR0000SETG,1.125,2008
Public transportation,CUUR0000SETG,1.187,2009
Public transportation,CUUR0000SETG,1.227,2010
Public transportation,CUUR0000SETG,1.181,2011
Public transportation,CUUR0000SETG,1.189,2012
Public transportation,CUUR0000SETG,1.164,2013
Public transportation,CUUR0000SETG,1.122,2014
Public transportation,CUUR0000SETG,1.135,2015
Public transportation,CUUR0000SETG,1.086,2016
Public transportation,CUUR0000SETG,1.153,2017
Public transportation,CUUR0000SETG,1.113,2018
Public transportation,CUUR0000SETG,1.274,2019
Public transportation,CUUR0000SETG,1.105,2020
Public transportation,CUUR0000SETG,0.777,2021
Public transportation,CUUR0000SETG,0.785,2022
Public transportation,CUUR0000SETG,1.071,2023
Airline fare,CUUR0000SETG01,0.834,1998
Airline fare,CUUR0000SETG01,0.901,1999
Airline fare,CUUR0000SETG01,0.923,2000
Airline fare,CUUR0000SETG01,0.761,2001
Airline fare,CUUR0000SETG01,0.725,2002
Airline fare,CUUR0000SETG01,0.634,2003
Airline fare,CUUR0000SETG01,0.605,2004
Airline fare,CUUR0000SETG01,0.673,2005
Airline fare,CUUR0000SETG01,0.649,2006
Airline fare,CUUR0000SETG01,0.721,2007
Airline fare,CUUR0000SETG01,0.731,2008
Airline fare,CUUR0000SETG01,0.783,2009
Airline fare,CUUR0000SETG01,0.816,2010
Airline fare,CUUR0000SETG01,0.768,2011
Airline fare,CUUR0000SETG01,0.771,2012
Airline fare,CUUR0000SETG01,0.742,2013
Airline fare,CUUR0000SETG01,0.702,2014
Airline fare,CUUR0000SETG01,0.669,2015
Airline fare,CUUR0000SETG01,0.624,2016
Airline fare,CUUR0000SETG01,0.691,2017
Airline fare,CUUR0000SETG01,0.66,2018
Airline fare,CUUR0000SETG01,0.786,2019
Airline fare,CUUR0000SETG01,0.633,2020
Airline fare,CUUR0000SETG01,0.481,2021
Airline fare,CUUR0000SETG01,0.587,2022
Airline fare,CUUR0000SETG01,0.751,2023
Other intercity transportation,CUUR0000SETG02,0.185,1998
Other intercity transportation,CUUR0000SETG02,0.178,1999
Other intercity transportation,CUUR0000SETG02,0.169,2000
Other intercity transportation,CUUR0000SETG02,0.187,2001
Other intercity transportation,CUUR0000SETG02,0.186,2002
Other intercity transportation,CUUR0000SETG02,0.144,2003
Other intercity transportation,CUUR0000SETG02,0.137,2004
Other intercity transportation,CUUR0000SETG02,0.163,2005
Other intercity transportation,CUUR0000SETG02,0.163,2006
Other intercity transportation,CUUR0000SETG02,0.167,2007
Other intercity transportation,CUUR0000SETG02,0.166,2008
Other intercity transportation,CUUR0000SETG02,0.157,2009
Other intercity transportation,CUUR0000SETG02,0.159,2010
Other intercity transportation,CUUR0000SETG02,0.152,2011
Other intercity transportation,CUUR0000SETG02,0.151,2012
Other intercity transportation,CUUR0000SETG02,0.159,2013
Other intercity transportation,CUUR0000SETG02,0.157,2014
Other intercity transportation,CUUR0000SETG02,0.18,2015
Other intercity transportation,CUUR0000SETG02,0.18,2016
Other intercity transportation,CUUR0000SETG02,0.173,2017
Other intercity transportation,CUUR0000SETG02,0.167,2018
Other intercity transportation,CUUR0000SETG02,0.18,2019
Other intercity transportation,CUUR0000SETG02,0.182,2020
Other intercity transportation,CUUR0000SETG02,0.096,2021
Other intercity transportation,CUUR0000SETG02,0.049,2022
Other intercity transportation,CUUR0000SETG02,0.089,2023
Intracity transportation,CUUR0000SETG03,0.322,1998
Intracity transportation,CUUR0000SETG03,0.316,1999
Intracity transportation,CUUR0000SETG03,0.314,2000
Intracity transportation,CUUR0000SETG03,0.256,2001
Intracity transportation,CUUR0000SETG03,0.254,2002
Intracity transportation,CUUR0000SETG03,0.281,2003
Intracity transportation,CUUR0000SETG03,0.282,2004
Intracity transportation,CUUR0000SETG03,0.248,2005
Intracity transportation,CUUR0000SETG03,0.246,2006
Intracity transportation,CUUR0000SETG03,0.211,2007
Intracity transportation,CUUR0000SETG03,0.222,2008
Intracity transportation,CUUR0000SETG03,0.245,2009
Intracity transportation,CUUR0000SETG03,0.248,2010
Intracity transportation,CUUR0000SETG03,0.259,2011
Intracity transportation,CUUR0000SETG03,0.264,2012
Intracity transportation,CUUR0000SETG03,0.259,2013
Intracity transportation,CUUR0000SETG03,0.26,2014
Intracity transportation,CUUR0000SETG03,0.282,2015
Intracity transportation,CUUR0000SETG03,0.279,2016
Intracity transportation,CUUR0000SETG03,0.282,2017
Intracity transportation,CUUR0000SETG03,0.278,2018
Intracity transportation,CUUR0000SETG03,0.304,2019
Intracity transportation,CUUR0000SETG03,0.287,2020
Intracity transportation,CUUR0000SETG03,0.199,2021
Intracity transportation,CUUR0000SETG03,0.145,2022
Intracity transportation,CUUR0000SETG03,0.224,2023